User ID,UserRole,Count of User ID
00080ea28f674344b36e2f99caf975a2,Reader,1
0009e4f7ab2246b8ac489272462637b0,Reader,1
0012b1099ffe4de385ff054d02b10154,Reader,1
00318e5e63f147c8aaf16fc43ceddc1f,Reader,1
00a367df9f0243a08b7f8609fd58d0bf,Reader,1
00ad4b9a67974c74962c13f5cc6ba503,Reader,1
00ad554197ae47af832253b3b482abde,Modeller,1
00dae02cddc44440b64b73a0c8c0da8c,Reader,1
00e82efb1131412e89fbff4f2e430176,Reader,1
00e9d4c2915645fc9819cb74a798ad29,Reader,1
00edabbf2c3642faa18dfab8acbbf84b,Reader,1
012806e3b5fd41278b7f81f33c67ed01,Modeller,1
013d3248db674711aac8be85f1629082,Modeller,1
01e3db40ec7142f1bc9e24602d8218d7,Reader,1
01e6f3c08d994df3be521aeae1e9ac38,Reader,1
020ad7be45604a279a5a09717a6a28d0,Reader,1
02198433c1854e78ae5cdd11947123b3,Reader,1
022795fc37ea4ca9b25cdacc89fcfa22,Reader,1
025e8c37004d4bda836d9fbdf07f5007,Reader,1
0267d45a53e94a0197dd7a3ac42cb6de,Reader,1
0285a58b2d0e4cd4844df0b97766ee7a,Reader,1
02fdff031a4440cda0cd1b093377006d,Reader,1
0328881e06c84971833d9e9a13ad5144,Reader,1
039c2221e19b45f680b9c02854e0bd27,Reader,1
03ab154297af4b54b85bc7ea0742f0c6,Reader,1
03e7b359d64943f08e2b2b4c470881de,Reader,1
045e87343798455a97a459a6923d9984,Modeller,1
04613d69332c41d4981b27661ca81b0d,Reader,1
04707bfc9d624d339b6431adbe43e619,Reader,1
047e98f973ee49c29bab4de254684baa,Reader,1
04aa7083f58349d49cbd5bb1a44617d2,Reader,1
04c24b6977ad4968923184c9b0dfcb85,Reader,1
0506a5b9d42648ad861f58f8ac5a3012,Reader,1
0539d02666ba440bb0aa8e2cb876fe3b,Modeller,1
054bc05f3bfb48a9a2e16bf0a4af2a96,Reader,1
05f0deb53dfc472ca0e3ce3b0909b7a0,Reader,1
060d347100a64efa943824d90625f6e4,Reader,1
061c3727fbfb463b8900d53fefaef123,Reader,1
062e584703074f50815e70e123801775,Reader,1
065c26127de64045a09b4a37adb2d565,Modeller,1
066cc6a873ca4d73927e2ad60cd9a24b,Reader,1
0690931e798441f9a0c73269d7154c22,Reader,1
06cf95959d7f4cb5a92ca164ed71430d,Reader,1
06e63aab72ef41e2b3c47e45131dab83,Reader,1
073369cf83a840cb905050b9a967a33e,Reader,1
0734a1e9a8ba47ed9d48ae2c2e1b9ee4,Reader,1
0744ef49963644dc8e8faaede0ea42c1,Reader,1
0755ad2e9ecf41a08eb33dda4c22741c,Reader,1
07a5cdee81ae487bb3fe8e08417d76a1,Reader,1
07d9afdd55d54419a5087cae0f8ad8ff,Reader,1
085482ef054c46769965ee365d0621b0,Reader,1
088627169fde48fe9350eef668abda1d,Approver,1
08afb711b5034dc79bbcab9121376ac9,Modeller,1
08c031f527fc4bacb343d9ac87e6ba18,Reader,1
08c435df8f484819aba0a4f61134d5d1,Approver,1
08f624cbf159473593df2d3424699250,Reader,1
094849b4cec443ff9ebf743f8f18b42f,Reader,1
09710cd2c8954f569608a17e1082808f,Reader,1
09ae64287d854ee180c6248a0ff494df,Reader,1
09e29366e93548fcaa759c078e6ca18a,Reader,1
0a1abe9c40f6421fb7e691cea01ec05e,Modeller,1
0a20c89f575247fdad47e166addcce19,Reader,1
0a57b22d387443daa07751c635ae55de,Reader,1
0a5a678f6b8e4c7480c8bbe51e560b5f,Reader,1
0ab6a8dc8cc54e7e91f95f230aa3f85a,Reader,1
0aeaa1f32f7a49ccb63fbf63971806ac,Reader,1
0aee8503d8ec4812bf4d4b2ec20442a8,Reader,1
0b4e90669352418caf6af400f2c3dc6f,Reader,1
0b5d1bfb4d314637921e57f549c7ba24,Reader,1
0b65cfa2565d4f14a08d704846591b78,Modeller,1
0bd54ef066d94c6d9707ad1e998bc9a9,Reader,1
0bf297da25344b1c8ef98273fdbfbf08,Reader,1
0c12b1af04bf45059627859c0bf4351b,Reader,1
0c12f52973a74547b7876a9566568d89,Reader,1
0c351bff03384603b0cc88557e6d7d8d,Reader,1
0d1b5bf1cded4c759eb7197669e59489,Reader,1
0d1fef33c8874100abb6a6fa7b49c27e,Reader,1
0d9b35bb886f4ea8907fa69c591de485,Modeller,1
0dc737c8833b4f53a170760dedb6d64b,Reader,1
0df9612466d147f891c1113dc06c750d,Approver,1
0e1bf3b2f6dc43bb94a5577b29562702,Reader,1
0e451bf1ebf34df39d0dd167551c7414,Reader,1
0ec04977e88a4f809eb9c972817cbe7a,Modeller,1
0edaeb27c1094c14bd19ba274571acbe,Reader,1
0edb62ec3e324390bdf2977f75d1a975,Reader,1
0f0d3078d20f4893ba7611bb90acfc17,Reader,1
0f10a4275c9a415aa1b47ed12c9e21ae,Modeller,1
0f187327fe2d411297def5d354f4ef5a,Reader,1
0f1be974c2e641a2b6415b88a0145abf,Reader,1
0f34cbca007c4d50bf50c86826102f8a,Reader,1
0f7f75877a41473aa67222d3d54169f4,Reader,1
0f8df0d2504a4c5389c06782fbe3fdce,Reader,1
0ff6ee322d4b47e6b7e943c88f87d017,Reader,1
108e7054c98744818b7ac16cc6875f94,Reader,1
10a369959a0f4faba6772ce51424add1,Reader,1
10c04af8ee7b48a58e7c9129bbdb7d7a,Reader,1
11026fb215544dd8b007eb0e1237221c,Modeller,1
111c38e2365f4cad9b9ade551c03ffe3,Approver,1
1146f28ef00f494e8c2c7a9e8ea11f3d,Modeller,1
116b160fc28c4481add89a53c617a830,Reader,1
1187ca2bf34e46b7a5317e557186c603,Reader,1
11dd8a3c8a27481e92347c28360a5a35,Reader,1
12219e7191dd48a885bb0872bf732443,Reader,1
123660b154774056ba9070ec156a8253,Reader,1
1242c52af1c54a1ea2101c71468f11ed,Reader,1
1243ae2d97314b28b80c1a7c7003dd00,Reader,1
125e23dd6827407c8e6db82fe5e3e3d3,Modeller,1
12b79fc325eb491aad61b5d36b15102f,Modeller,1
12c3f698bae54371896f8b7f7491f576,Reader,1
13957e1bfc0743a79df6bb061835bba4,Reader,1
13e5cb4e270241daae78bcff7301b163,Reader,1
13eb84e82d724b83914ec3ea0c18ed86,Reader,1
13f56802299e46b89120818770c3fcbd,Reader,1
13fcd10d2d314fcdae384421f1fd0929,Reader,1
144285cb2f32428ba63a67c7788048b2,Reader,1
149e83700c8a42dfa6581dc08e455bc3,Reader,1
14c2aa15e3424217977619bedc910c67,Reader,1
15042fb29bd54c058e4272b665b8fc46,Reader,1
152649ff5bdd41e5a5b5c25639577f84,Reader,1
15267ce895314835a9e94697338598aa,Reader,1
15a9936acd5e4c328ea1c6573f677db8,Reader,1
15b04925524743fc89374608f3127069,Modeller,1
15c584dd196a4c8d8390e09a1fa32e92,Reader,1
16005011a1124544be57972bcb7f047f,Reader,1
162626fd663c46308a684a5bf598d5a9,Approver,1
16e3b3b96767479cbff27fb7cdda4580,Reader,1
170a7f1a1d084533872260ff1dd56ab6,Reader,1
17aa6ab02af5417993c9f6bb52190ca1,Reader,1
181674bc5d2849d09ef6834caa084428,Reader,1
18bfba93c6224eb9a454547599c848c6,Reader,1
18db4982b97440f5a528f77ac4bfbe3b,Reader,1
1910898fb96e4b098fecdc4ffb6024a0,Reader,1
196c81249c9847669d53982e56127495,Reader,1
197c3db19c864e32a3ac2f9eb43f0f58,Reader,1
197e5524a4f04a3bb7d9fe472c1f3827,Approver,1
1989d6c633fa4d4c83c72c7122de9318,Reader,1
19ee5297f5d44c94a6d6e5437342cc7c,Reader,1
19f75eafca1f4fe18757b57c9eab9008,Reader,1
1a255d26d2b24daaa4a1271ebc55091b,Reader,1
1a437e58a65f4494aef5666537aec2a0,Reader,1
1a5358a639ff4bd291abffadc95b2ee1,Reader,1
1a64da83b6d14de899eb1c0fbe69553b,Reader,1
1a6fffc29f02454e88e36b704171815a,Reader,1
1a7173b01e314c44b02d15a2f98547dd,Approver,1
1aab9f47f0344448b5e6e6662f10193b,Reader,1
1abc33c8cc444dd7a5679cc2965abf03,Modeller,1
1ac9f597fc474dde990b7c7cddbe4131,Reader,1
1aca93fa5e1a4bf883fe4877b353aef3,Reader,1
1b05c175354844d0b8aaa940755aa673,Reader,1
1b0aefa48a824295a1dc0c816473f104,Reader,1
1b42afa7e3494a25a1c7d3b21ccae2f1,Modeller,1
1b594df1938f4cdaa032ee5ee5d5cf58,Modeller,1
1bd38049b1a944b781653b0fbcdc70a8,Reader,1
1be54562b40b49dd94af1a47bcc7ff4a,Reader,1
1c464ff259ca4a6a8dd78a16260fe7e0,Reader,1
1c6961f73b53442aa7b160212c8c3a22,Reader,1
1cb097cbc83a4a33863f2bd9537a01b8,Reader,1
1cb590a7a7204fdfa9a4c356943bda5f,Reader,1
1cccb767c61f44bda44cbda92e9d5485,Reader,1
1d63b1fc82f5411794785d3b22e4736a,Reader,1
1d794b06a5924dc3ad1c9b9419cce8b6,Reader,1
1e2d760b297642da8afc60643ae1a34a,Reader,1
1e643264859e425980c776352098d7ec,Reader,1
1e7da0c654984845b72c9ed1244a1b8a,Reader,1
1e816aa318284144ad2d21149808a926,Reader,1
1eff42278c734b04ad81fa3adcfa796b,Reader,1
1f29d86dcbaf41d7908e62eb12404cb4,Reader,1
1f7aa1a835834fd6ae0f4831b94db8fe,Reader,1
1fb808d47ea6450fb363ee3fde89e590,Reader,1
20115ca45ab04a4e9dde1be227ea340c,Reader,1
206e284a140e44fdbb4ef5d00da28fb0,Reader,1
209f90dd2ff047608b68a80af7b50223,Reader,1
211393a140d744a1a7d34a59f07c8b75,Reader,1
212f7e2a5d9044d8b161d6b9d8cf8e7a,Reader,1
21418727f55e4d468de19065cefb436a,Reader,1
21498c1d1a5e4eada2acb59b6c2360ba,Reader,1
214c5e598fb74f4cbedf33164f08c8c3,Approver,1
218c7192d06e43c19501723e5c6b0738,Reader,1
22dbb5f1716941dab62a31975e93a09e,Reader,1
22fb2c0942b04c3095cc9cb5a014f229,Reader,1
2368be672bc14bdd9c962effc7210591,Reader,1
238e131f4c6948189cfad8c26e70ced2,Reader,1
24083b7387094194b27e06b3f7b99b25,Reader,1
24558a1ac24b47568a4dd35e5154715e,Reader,1
245cf229c67b4df2816fbbf0ede23799,Reader,1
246d2bbceb0d44708eaa8eb12834ca33,Reader,1
24d98c6c72734276ac49b47637be13c7,Reader,1
2567514d05fe48938a671fc3dbdf54a4,Reader,1
25762ede99c0405b8ca64501c896fcfb,Reader,1
25aa323db17f481f9dc711415edc0951,Modeller,1
2609c838c4184a069d4fb690a8bd7309,Reader,1
26666a30a8b843b4b9a42cf77a92c081,Reader,1
26dbf5a9c4854fb692de4df9e1922de1,Reader,1
2707dd4e30c6478faa9426d4b2fa08ce,Reader,1
2743d4c38cc14d21a032adcf7f9323f7,Reader,1
27656d9c254b444eacc8d16f3a3bb7d0,Reader,1
27837e0dffc14bcf84bc663b2a44eb4c,Reader,1
27fc95deedfb4104ab5323758c447a9e,Reader,1
280a13419b164e11ad8ec681bff60141,Modeller,1
2912f14a2ea5497b977eb340f9a267fd,Reader,1
292a893fc2024be6908f4f0e4f0a6185,Reader,1
297fae3b0c0744d3946f9c87e376435c,Reader,1
298c30e5b07843d78919ac6c671cbf03,Reader,1
29d83efdb6484736b10b63d9685c24b6,Reader,1
2a0431cc851a41669b17346824853018,Approver,1
2a9f7e6ee1c1498bb7bb5906eb608d6d,Reader,1
2ae6eeba7008444794fe884ada4979b5,Reader,1
2afc00cbce4241d4a67c2bc6f47ae594,Modeller,1
2b15b29339934c7890c3bc614ebed0bc,Reader,1
2b5dbcc2ae0f4aed89295df0a8fd2f01,Reader,1
2b90fa588d5941a0ac2be1afcaefb615,Reader,1
2bbe1cf824914970b88475b6f1e55c03,Reader,1
2bcf8695698147b0bcebe0e6189ec11a,Reader,1
2c10164d524b4caeb760a7dc07cc7196,Modeller,1
2c11d48518c04890996565b033df3ac7,Reader,1
2c2d9da2a66d4ed4a7329402b94a3586,Approver,1
2c69889b4f314aa08b5b02af44f3d9fa,Reader,1
2cabb753a70849a094f992a578433c4c,Reader,1
2cb1b0234a8244e8b36b80475c3048c2,Reader,1
2d1101458edc446188c89900358ed124,Reader,1
2d13164446244263bd0fc7c4a60d1e59,Reader,1
2d4bad3ea84a4ed1b160d0ad06be5c7b,Reader,1
2d6e6164ae3e4e9bbda5c597885cad9e,Reader,1
2de1634f850b4b31a93f29d0982e3a6e,Reader,1
2e6d5b36c1a9465d9435ebb1b6ddb4da,Reader,1
2e8f08e341d1486685a03c7ca74a78f5,Reader,1
2ea1f76835e7436bb894665ea41e818e,Reader,1
2efa3d319d7845cabb691bc399ae5164,Reader,1
2fb821f44cc64f9484a8ed40681c1860,Reader,1
2fc337e7452c4c0f9fe978355488f8d9,Reader,1
2fdf65608bab4e279594dd91122a5909,Reader,1
2fe7e95d4a5c4681a1e47470d94fbc47,Approver,1
2fec5247ea7646728a07b5cc4935c55a,Reader,1
30216471c3e44ef4a27ab8403fbfc84f,Modeller,1
3041bf2c48b34eb6839e256000aff056,Reader,1
30b2079db12640a5a73bf8e1e5344ad1,Reader,1
3128fd25cbe543368216fdc5269d62fd,Reader,1
3158baa076994c49920b6e0416f43a59,Reader,1
31685e9eb99f49a19b408e638e53574d,Modeller,1
318aaa4587b2448eba3b0f22c60c2d5b,Reader,1
31d22aba4f014a9e8dc0b6346a5a8ba9,Reader,1
31d72782abc544b680a7ee071d3e114a,Approver,1
31fb843eaa344b33b8c31be6c168158e,Reader,1
3205a932e207492588d4cf99b71f04aa,Modeller,1
324d01128b134ef199d9d960868110a8,Reader,1
325d861d7dd04714ad7ca0e728e93112,Reader,1
32e089f3dc2645d29b586a5249eca0f4,Reader,1
333360a9ee0e47c08e056aa3b070aece,Reader,1
348ff31c561b4579b13e962ffcb3bd66,Modeller,1
34b6c18dfaaf4ded850e465bf39db8cf,Reader,1
34ce10d81b784efeb80b68e7be1bac9a,Approver,1
34ce33770e3f4bb38faa6497abbe2983,Modeller,1
34f79de77e72450a9389d249bd654041,Reader,1
35061d2dee2a4e06b3b52006985a6628,Reader,1
359a3ddb9fc64d81abbd20fec9122074,Approver,1
35d0ee997f40499e978efbc45a10221f,Reader,1
3655280c2e0d42e691261217ee6f4cf3,Reader,1
366bb0942ed64956818e39d17008f6b9,Reader,1
3673e861c1464553b42c2d17e0ee8cd4,Modeller,1
369fc6c6a340460f9cf35fea3336b100,Reader,1
36a1b17debfd47d6822de4b5c042a2a2,Reader,1
36c6e51b16fa4294a4a2d69f4c9347a6,Modeller,1
373c785a54f04fa399ba48d51891e1d2,Reader,1
377d0ced43a6492a9cb26144c34fddc4,Reader,1
377d33ed7e094adc9cdf42d91c0f676d,Reader,1
37b9e81772f0401386fc9e340d7de2df,Reader,1
37dccb51f4ab4a99a1549265261fa865,Reader,1
37e522f902514eb8810a5deeef554898,Approver,1
381bca7836124d13be7579e14950c0ee,Reader,1
3843a82689d24f6abf47005bfef69e0f,Reader,1
3875466228464794b8c50219ace14602,Modeller,1
38aefc950509485f97f3c9a69141c0df,Reader,1
38ca16c537a44af6a07c8504b4d88910,Modeller,1
38fdaa382f0e41e0a76670dcfbb3dc7a,Reader,1
3901ce0cd0dc411f953ef97019171ced,Reader,1
396d353f835e414da02c041dc35dbaf6,Reader,1
3a1a584e8eba40578103508a645d2825,Reader,1
3a426d6afd9e4f6eb332f8d280ae6df0,Reader,1
3af43caa9a204e22ba033caff9080ea1,Reader,1
3b3f247248db41f0941a535ecbd27534,Reader,1
3bba3e1e92794ce88dbcc4e3a9991fde,Reader,1
3bcdd0dab5dd41aa9daa98087c5d85f3,Reader,1
3bdff0d87d92412883a37e0acfb012a6,Reader,1
3be6600ce4b14dc9b68f89aa887b7ae2,Approver,1
3c2bb42ce3e747caa568abf8d1c99e8e,Reader,1
3c3ae90bee4d4d14a2b4b93f8bf3a8ca,Reader,1
3c44609203c74f09b405f738dc0671ed,Reader,1
3c495c8c2d3a4dc498f7b02306e23b43,Reader,1
3c4e1c130eb94cf095ebd52577efebf1,Modeller,1
3c65cda500dd41cdbfaca2bcb29a3685,Approver,1
3c7a2ceda3714b2ca5e1105f06cb0ddd,Reader,1
3cc5878116734d24aefee7cc1af5aff7,Reader,1
3cdcc62d4cb842058f62502d3bcddde7,Reader,1
3cdeb7796382448891282030848172d4,Reader,1
3d372796f23d421f8f2a511f2a7fd1e5,Reader,1
3d55cce463754f42934c994dd9b583c5,Reader,1
3d55dfcc19cd45a6a810f97f4cc33f65,Approver,1
3d62e09b3be74775bf0f1331b17bb9e0,Reader,1
3d6b77c47e8f42b1ae8a653aba4444d8,Reader,1
3dbfcb15a0264cb2b6fee218d63b7e53,Reader,1
3e6376defeab417586b31343758dca13,Modeller,1
3e6cd1fbc75840d08372abdad316dee8,Reader,1
3e8dfa763e86400eb960494076bf44eb,Reader,1
3eaec8b1db9d4f6386ed34a69ea9cda3,Reader,1
3ebb7bafb453461c9d7dd123c514531a,Reader,1
3ec604fa8fe64b44bab96fcd842869c6,Reader,1
3ec6c12e87ae4497832e6b57570d3218,Reader,1
3ecfdb4f931a4141928683c7008a3c63,Reader,1
3f0b58030b3a4dd7a198033d5cf47289,Modeller,1
3face2d943624bf0904c8a431d51de95,Reader,1
401b28829d2746e280590622c5d3d4b2,Reader,1
40591f9a5ed6433bb3d52000f54507ae,Reader,1
4059e8a199304df88b2e55585964a1eb,Modeller,1
40ccfd807a8c441891e5f55932ef88c0,Reader,1
40ce2db678614424bf99f90d273bd20b,Reader,1
413ccce75dc041caa6655beb2df64f86,Modeller,1
41771afdac8f4eca9e9690e72b8e9c8c,Reader,1
4267c3362f9749d68ce34f9e7b334a8b,Reader,1
429e6fcdc07b4fa3a0e08e4d9c0c3951,Modeller,1
42c1417e96f64a4daca6af1362ad4d4e,Reader,1
432ce8e2b2944601972145ca2559b35e,Reader,1
4367ee72a2274cdb863e37c1256a7e73,Reader,1
439ba299bb3e4363afa30e6aa417654e,Reader,1
43eb0d5899854aacbd4362cf2ba82623,Modeller,1
43eddce5fd4448e0bd50efce452cf1da,Approver,1
449d53cb609942488229b04c81f488ff,Reader,1
44c11d72e7344248adcc391751cb157c,Reader,1
453d12b4843e4cc6aaf961f5f36aaef9,Reader,1
45410de8c04a4f35bc2105319d7b8539,Reader,1
45429defda044862bfc5378e015f5965,Reader,1
46215ce9ab6b485eaaac55f5cd42a3da,Modeller,1
4627fc366c4b4d01874986217d0d868a,Reader,1
4698ec95c95a431ba02159d86597edb9,Reader,1
46b1fba0c4594936aab2b04f0ae28595,Approver,1
46fa00cb0f804d85a13c21c9140845ac,Approver,1
47d0b096bb4f4da0836537f6ed2a4879,Approver,1
47d26eb0174241879b3972f516ca00db,Modeller,1
47d59f769c374ca6b31ce2ddd52e9d64,Reader,1
47d9df0f0e804b27b4c7019d0fc79e74,Modeller,1
47e13732b23749d7b476a425a9b37aff,Reader,1
47e47f19055048b8a1bfc405d5b0349d,Approver,1
47f717bd23d4419890a3cf96f9920905,Approver,1
47fa8b31beeb4f9a8de361e742ce59aa,Reader,1
48042899ca9d44168542d5ce8576400d,Reader,1
481a91a3225e48828f43193711f8e67f,Reader,1
48477328505342ce8eb4ff159e0942ee,Modeller,1
4859a6aa720e4d999cd651bb1bbbc605,Reader,1
48608f59532448bda12b05e9b90b51eb,Modeller,1
48a03955b2c5492b940aa58c27ab9adf,Reader,1
48d7c564d00d4165b6c4927ab37b98bc,Reader,1
48eb0d3111d543a1978b98d4f6fd5328,Reader,1
491af05a47f04c408018f170e5c76fef,Reader,1
4927c249b6fa4c59971466cce0fe774a,Reader,1
499c9fadf41444c497e9a2fc23e2d60e,Reader,1
49a2c941dd054e67a9aa22e52de95dd0,Reader,1
4a659bfc6f6447028a9ba97c36812f3e,Reader,1
4af945ec0f4947f1b664bbc63b9fc9cd,Reader,1
4b26b027c05a4d85acf1056a90df306a,Reader,1
4b81d5f2535241df8ee33cb7a0f3e104,Reader,1
4ba0b4a1002340f3ae871bb6b09e7c34,Reader,1
4bf728eaf1f241a8b19a940b6e2c65a4,Reader,1
4c09ffbe4464460bbf85d4e21ab86894,Reader,1
4c0fddd24e464943af27af090cbd7ae8,Reader,1
4c665448303e4f6f9a493861a973a1b6,Reader,1
4cc65875a71b4de0b64631b095edf565,Approver,1
4ce9783438714b79abc9b74423472a73,Reader,1
4d1efa2a28c34a9abff8063d1e2120d3,Approver,1
4d33042d26834bf6a1c4f849f01c94e4,Reader,1
4d39b4da079541ec8f292e0c00110cd3,Reader,1
4d7d619cfa2d44619f459a144b448492,Reader,1
4d80eb4605ab4aa58b98fdb7c8dccff2,Reader,1
4dd0c60437ec46ee8a7b174699ce4d0e,Modeller,1
4df97d150a34438db0af8bd2f8d3f77c,Reader,1
4e1fcd3d7c8448a090ed533ef419bb18,Reader,1
4e2645345c6f4855bd9f6928daa21074,Reader,1
4e5e896a4fd24071bd4c90760ecefec0,Modeller,1
4e6ecf9e9a3345ac99a590fd5b96bfad,Modeller,1
500cd95d8dd149e39ff9b10e2420a793,Modeller,1
501b377002524c4d93c7886ea766ac4c,Reader,1
50720e8d1ad04d049e7b56238d4b16b7,Reader,1
5078d27fdf3d4f07ac44b87adfdc0f88,Reader,1
50d0d4ce9c314ee49cd1275dfcfe1717,Reader,1
50e5d095410b4392a05458d431b29429,Reader,1
511a02ddeeed493ab1f80373f81147d6,Reader,1
51419460d11e48c59a9939a11108a766,Approver,1
517634153d94400b943e1a25bdf6e479,Reader,1
51c55095e5ac43fdb33967e327c33b25,Reader,1
52004173075b4f4096d65c9d7421dfb8,Reader,1
52090c5d8ce84a5a8ecf92b895fa3779,Reader,1
52675d1516b846138262c7e0ca0843cf,Approver,1
528f3f237cf145f48914c024b3958bd6,Reader,1
52908460c1a6465fabbabd2ed06f4c3f,Reader,1
52c8d111c7b74611a046d27eb7bbf0aa,Modeller,1
52e3305e749e4a319be2273f2866184e,Reader,1
52fd89047da946a681daf37342368958,Reader,1
536666a9181c45fa882c2cd82b608cc7,Reader,1
5379e83a9fdd41dab02ba2a3b2237f50,Reader,1
539f8fee889c491e8865297a25ccd1de,Reader,1
53a37a2a86db46188bf6613125cadc91,Reader,1
53de9622eaae40beb83a40f8c3020177,Modeller,1
53f0827cd78447d7b539085236f3f06f,Approver,1
543ca0e952744c7aa74f7c4cadf0883b,Reader,1
54729b331e3242aabb7b6128c547c1ac,Reader,1
5480a027b2014e85abea45986a7f4e2b,Approver,1
54823d305ee04de283f7b00d58204201,Reader,1
54db0b7741ab45978a51518bd0d1ea2a,Reader,1
54f5f4dc280f4eacbd79bf1ab301b874,Reader,1
55039d41869b4d769bad8762957f2ff4,Reader,1
55185a4d712640cc8fb08ed50faa1595,Reader,1
55551d382d934aa4a456d68793bff159,Reader,1
55b9ff9c17f6445a9b961dc33e70345c,Reader,1
55ba052da4b94167a89c3f469d860e5b,Reader,1
55e970fe150d490ea0c8b03e1996d27d,Reader,1
562a05a7831b4c4bbe3855dcff21165a,Reader,1
563d500f4db341b9b3e818db195cd129,Reader,1
57ca001ba40f4fd5866f28fe690b4d51,Modeller,1
57eeccfaaa0242a4bcbfd6e5deac6805,Reader,1
5800c017e8234938984e029cb057d80a,Reader,1
58194a37e6ff4eb6940c4141269d27fb,Reader,1
58dd7d8be3114789921bff7cfc455cc6,Reader,1
58fbc75577f849a9a193a225caa53b2b,Modeller,1
58fc674732894549b1f7908927145bfc,Reader,1
596cc322b43e4a348dba40edf1b33442,Reader,1
59c85c0ccb7747d6b78886fe083a0ba0,Approver,1
5a0441f6bc7d4258b7f9ebe98a237e03,Reader,1
5a0d8903140347cea155d29106f3c115,Reader,1
5a6149b022a0451fbdfa27574b0a6c96,Approver,1
5aa6e2a8aae44aebbbab2173d43085e3,Reader,1
5ab2eb6b6e9849c28abebbb89b43ba0a,Approver,1
5af2585f0f514b608289164e3943a2a2,Reader,1
5b42782b488e4e55a67834e100fd1649,Reader,1
5b59c4cedb5e40129016220eba55aafb,Reader,1
5b68c3de33744a06b5d32d755f133d87,Reader,1
5bb8662e8dbf46dabfbca1a97b579a97,Modeller,1
5bc2e1ee7b024fe1914bfc549cce32d8,Reader,1
5bd6adda58cb44c3a1b9dad8897ea18d,Approver,1
5c43d6c7180b42d686743b548aeb94e8,Reader,1
5c49a2b4e16a4b64bd8a4c193c4c372b,Reader,1
5c660d24572c453f897e68f476333166,Reader,1
5c93553ea48b4a7d92487d2317c35647,Reader,1
5c94408b45d6436da7e52ce573f84660,Reader,1
5cc8bc044d0b405d99c1ecafa777e4f4,Reader,1
5ce2716f073d4c9ca9b6e648e5b0e9ef,Reader,1
5cedf944d1094df1bbf40180489744c9,Reader,1
5d09974762024025aebbdca92491f999,Modeller,1
5d48ab0f2c9a4b8dad7620d73124d382,Reader,1
5d5f25a7d3e24502b32c845f9cf253f8,Reader,1
5dc78b4ad1f349afbec18385c21d0f29,Approver,1
5df8064013c64da0bbc11f5ae87b446a,Reader,1
5dfc52d76b6f4721a5dbd8c543ed7410,Reader,1
5e201c828e654aad9a3dae8c323dcd0e,Reader,1
5e34cafa8a0f437e91d9a3c31b8ae679,Reader,1
5e609cde38c4482ab9bb6dcd28fd9412,Approver,1
5e67e1cd2bd34e3d9205f4d7852afdcf,Reader,1
5e70cbc34b034d67bc0acfce980e59c7,Reader,1
5e8cd723d02641de8fec67cccd6ed43c,Reader,1
5ee6c9626209491aa69525d2c02af946,Reader,1
5eeda9b50cd34d6e9aeec122a33732b9,Reader,1
5f3c0c2c9f7946c38792b22bb2db47b4,Reader,1
5f64273abe084fb9bd686a1a132ecff8,Approver,1
5f8c868f08854dbbac56a6cd74e98e19,Reader,1
601e194ce2794eabb5a2128d3b83c237,Reader,1
607e02edcded457aa93a2174d0389067,Reader,1
609033386fdd451bb5abb8914471aa0c,Reader,1
60d9ce73e47b4a2ba81c4fcf8b33380c,Reader,1
60e7aba7750f443ca338a2a84614f7e3,Reader,1
61099e587b834a5ea0f8e4e36e4aa425,Modeller,1
610db77fa45a4ce38dfc5c6ed8d5a480,Reader,1
6139aaef81804c869d77835f009b04ce,Reader,1
617f8b649bae4aba898a0035d650d4ce,Reader,1
61e180351e3d453b9df0c968dd8e8f63,Modeller,1
61eb55fed8fe48478cf855ea4a6d7cda,Reader,1
61fd108fac8742aeaa02bdf5ed33f234,Modeller,1
6216606d03a347558f558e6b9d9e344e,Approver,1
6232cf938bab46b291913ef1ab64695f,Reader,1
623d829426424988a2b4d075d7783b86,Reader,1
624c1362173f40f280c06448b65c41e5,Approver,1
6250af5d940c445682649cfe3085fcb5,Reader,1
629f34e3a8254f0c855fa3a1909554fa,Reader,1
62a9654cd7114d51bf5812faa43c5be6,Reader,1
62baa731be0546b699089eb90fa92a49,Reader,1
634792a821cf42d5bcb7ae4e30f84f11,Modeller,1
6378b9c3ace74a058f925faf4c6d2420,Reader,1
63d12659f10945daab3def1b4d99e1f5,Reader,1
63deede053ea45518bb8128736ca1575,Reader,1
643681d7ecaf4d609dd4d2e58f657a4a,Reader,1
648bc9235d024e13aa1af265a03d66b3,Reader,1
64971c1110ae43e8b5e60a8d8600e914,Reader,1
64b71a2f954843398f1dbecf31b9b1ef,Reader,1
64dc2ae0c3a4464b836d0e90b4e0b5d4,Reader,1
64e48992c9124b6380a6a2fed062f906,Reader,1
65073949b2dc4bb69af053d8d42e6aa1,Approver,1
65438f0eda6a4db1a40e329a4b8db991,Reader,1
656275b346ad42208f1a2a7608c7656a,Modeller,1
656a0c143fbe42509bea78e4a8bab5df,Approver,1
65ccd7fff1e8433db80f6494e37f5fe8,Reader,1
662050a6996d4f48b58d9058cc5a56b8,Reader,1
66900d7dd8064d7fbb7bc7329844e791,Reader,1
66d5587de7aa48348cdb083af242f262,Modeller,1
672ce08556974f2ea751522608089afa,Reader,1
67d7a0bc1b5342d6b4b9a54d51545be1,Reader,1
68062012bba04197b8a5321e06c2b61f,Reader,1
681b5dbc5b3742a6942a2009346a42df,Reader,1
689418ddf5894badbf49f1398bd78d43,Reader,1
68da55e4769b4ab1b82bfcdbf9c7ec04,Reader,1
69211fd213ae46f2a9bcbfaf2dee76fe,Reader,1
6925aaf2a62a4951b0c4062ca19d8075,Reader,1
6a0ea0bd0b944dd0bcef05f10321bcd6,Reader,1
6aa7bcef2136408daf073bb92db96350,Reader,1
6ae4611b138e4014905d9237712201d6,Reader,1
6b443c1750534873b76e9e464dbc7263,Reader,1
6b6b14f96ca04147bd0e0508e19de476,Reader,1
6c25554a11ec4199b9ebfabf30caf9fa,Reader,1
6c3ddce0bf4548a0a86123e68b56f775,Modeller,1
6c60382f83ae476fb531fefd68f5708c,Approver,1
6c8abe3ad5e045cca89a68a19b1be797,Reader,1
6ca353ea1d0c4e37b3db6462d09a4562,Reader,1
6ce0838bddb645d6a1c31a1956637daf,Modeller,1
6cffbe9abce54026be365372be760e94,Reader,1
6d1c600de3604969a5f48cd883e429e9,Reader,1
6d3c0c536030437681dce337f59dbd33,Reader,1
6d5bc61cd2c24b00b24826ed07591e1a,Reader,1
6d9c522354564169ad358377ef019f3a,Reader,1
6dcd5669b5db4f10a682d1d8c0256117,Reader,1
6e4150065615485ca873f7230d81ed06,Reader,1
6e5f4fbb8e3c4c6ab0eaaad81f0ad700,Reader,1
6e6b207d25114308b27f7e6fcfdd0988,Reader,1
6e6eea418faa4628a23c1cf942a6286f,Reader,1
6f2f7830aa394cc6a1f1a17ad47a90af,Reader,1
6f4952dc84f94ddabcc6fb4b54a7fc0d,Reader,1
6f508282efd443c8bcee1f6df95b4cbf,Reader,1
6f6b3df52af2452da19315f592be097b,Modeller,1
6f9c6e5f255f4ad1b3ad4843648020bf,Reader,1
6fcb1bbc16054ee98149902975033db0,Approver,1
702d6451e97b43169c7fc5c9376bf39a,Approver,1
707eeae004aa41beb3c9b82079fa580a,Reader,1
708a3532996c4842962d792358a1848b,Reader,1
70a669ec4d8a44e39e540fb3931c40b4,Reader,1
70fe851204ae49a192e602c7bfe3a38e,Reader,1
710f4f74312942cd80089793c84eac0d,Reader,1
711d6f0a97644aa09c3344f0a217eec6,Reader,1
714cf25310d44ae58473afdee7da9658,Reader,1
717600253bbc47e7baaf246cdcf7bc9d,Reader,1
719580a7999f4586b10e48ae98f91dfc,Reader,1
719d3aff8b9f4773a0673e05f7338625,Reader,1
71d849852d24419c8dc5a1d4302ebcb9,Reader,1
729e7d358ffe42cabfd895ecc51401b6,Reader,1
72c4d0d555194589aa2e477d5436c27f,Reader,1
736140322a64473e966b79b8a7c081c9,Reader,1
737836e2adcc46a09de30c660c275742,Reader,1
7393f9f051994d718e50b98ae4f7f5ba,Reader,1
73a25cc65f714b8b9b0742bdc045c7bb,Reader,1
73c4dc765ca04a0fbbb23359d9d3aefc,Reader,1
73ef73484d8b4362b3a734d995d60113,Reader,1
7425c4cca3304c7da2791d00aee19bd8,Reader,1
743f1d5cafeb464aa3e6765e2e827b19,Reader,1
7441dd92c48f45a28f9556070ece5a3f,Reader,1
74974a2750f84375a35f94ecf02896c3,Reader,1
74cffa411aba4037ab425621a1fb776d,Approver,1
74d22d52879c4dda83d2f307a3bed1b3,Reader,1
74f2f3fe65dc41658207e81c7a5733d5,Reader,1
74fc24c558df47049585f3b87ea277f5,Reader,1
7580a80a6e184825b84a0663ace138e1,Reader,1
75c4284756d44ddca3c7ba3c0f27207e,Reader,1
75fd8dd995da4c34b3110d8460524a79,Modeller,1
7646a9ff893b48959b7257128dad15fe,Reader,1
768c7657987e4fc4a49ee2db79ab45b1,Modeller,1
76d61391d10d42239ac365694646db20,Reader,1
76e36320b2e0408e82a4f85adeaa48c9,Reader,1
771ef63711384dc89dc11505746843c8,Reader,1
77362756633a4eb39299025495c49f93,Reader,1
7743953fccd842bf95a2c9b9d4fdebd6,Reader,1
789bc36dcd254dc59573773c874bb043,Reader,1
78cda3d7ca094a62aa8c5689c5510d89,Approver,1
78e220da4f6b48988f7887544ba09ea0,Reader,1
79cded4115aa45918152be61893e9105,Reader,1
79fe92bb2c774aa38dfe06260532f9ac,Reader,1
7a57663bb8934ceb80e9109344a53d87,Reader,1
7a6260fb47f2487cb031c67f500f0e98,Reader,1
7a76a35db96a4b3981f43f8ecb0372e5,Reader,1
7b0d8aa2d8c4466dbc79c61c13e768c9,Approver,1
7b724ba4767740a9aee97dfa4749d7e6,Approver,1
7b7dfbc3633146fcafbbb6f334e2456e,Modeller,1
7b8c080c87d84511ae58c4aa2353c63a,Reader,1
7b953aa43c4c47979ac8f6fa351ad3c1,Reader,1
7c173f94829c4006884355ce17e8931c,Reader,1
7c297836fdfa45ff85a61207c1fbaa3a,Reader,1
7c8839ae495a40688564d2c43b5a8b32,Reader,1
7cbd80e839bf481e855bcf3cf21f70a9,Modeller,1
7d444c8770264d26a266589265f0ae29,Reader,1
7d566b9622c6475fa3cdc4ea6599579f,Approver,1
7d681b17c24b4ed8aacfa5b186d46a0a,Reader,1
7d93ad0899f24654a4d5db9f607f36ae,Reader,1
7d997dbe199d435a988887600de93ce1,Approver,1
7daacc6e964044aeaebf8af2d94b0a7b,Approver,1
7e276dc6efca4e4891b62c446c9a3f94,Reader,1
7e4ce8ab00e041adb52163560abd5c16,Reader,1
7e605c8ba4884cbc8caa5b38647e2079,Approver,1
7e74f08fa328454a92f05a69023968d6,Reader,1
7e95e8312e98428d9ab8b9310570215c,Reader,1
7ea2b14d957b4926bcbe5ebcdc30086a,Reader,1
7eac2bb229c14309a7bb02f50008a7d8,Reader,1
7ebc32ee46734076a14660d98d548498,Reader,1
7edaa293a2df45d2997df28b96dc9c05,Reader,1
7edc9ce5677b4ce9a3fc121180d46c86,Reader,1
7f34fd53b48241a09bd3dbd726e11c54,Modeller,1
7f4562790167413696a80cc757db601c,Reader,1
7f728578c7b246b68ea41c26264b706f,Reader,1
7f91ad3b1b4e4186aa63e818d798fc58,Approver,1
7f930e9fcf514fbcb8836e84392f98ba,Reader,1
7fd58e463c4f4e65be633e6381d64624,Reader,1
8001890bae374d7b89241ca95a425880,Reader,1
800af40afa0343b1b6eeb8a46a9f346f,Reader,1
8040a32c8ab04ea1a6855def0badfe3f,Reader,1
8053b35ceca24285beeccdf478a74561,Approver,1
80f50672d4064f6daf72067556fdd02e,Reader,1
8236888ab04245c4943f2c0b6f6170c1,Modeller,1
823aa02a8d134447ad38b0c545c1d9b1,Reader,1
823fbeee244a4fad842d3fe0e7401018,Modeller,1
82441257fc84481e8e0772e9af8cb66d,Reader,1
825c9396add94833bf84338c9b695d15,Reader,1
8272f47435f942678164b8775873c6c4,Reader,1
8285e1f3748d42cfb6dfcf0b7ffe6562,Reader,1
82993528bff1443b9c8d06de6f64821c,Reader,1
829ac929214e4c38a03015dd8b1e49a9,Reader,1
82cd5c2cf3d84eabaa22d68a3ac35a94,Modeller,1
832713f6857d46d3bb6c213fd63d7fb9,Approver,1
83cc540f803644ca8c05b1c09160faeb,Modeller,1
83ed93845a9243f0ae9f3834fd733351,Reader,1
8409079633bf4074a513604849bf0e5a,Reader,1
844c7b808b4b48ce85e7b367614c952a,Modeller,1
84516f377d4d46b2916ee4d36fae1c86,Approver,1
847ec7f684d54d8d9d3f5fc264888c47,Reader,1
84d50672c7744913a3b87cb3f7ed1628,Modeller,1
84eea10311d848239565c0f1def2691f,Reader,1
8574cf88291c435f800d52c4e7b78d00,Modeller,1
85757d11b4fe44708db0b67146f752c3,Reader,1
85958e8e34a24b179a9540815a18283a,Reader,1
8653aa90b32841948fd9e4fdcff2dc0c,Reader,1
86911c2325614489999fa82b6de2e39d,Approver,1
87205500d71146bf8995ce6d95bbd30b,Reader,1
876021273bb546189bb84521ee087729,Reader,1
8766076c552240ec915cba45a15db479,Reader,1
87b431b38aac4d3ba7bba16439948a70,Reader,1
87dbc62936d04329ad0e25188b823646,Reader,1
87ff9beb56264815a8ab8e0acd36f909,Reader,1
8834490c47684821a0c805dc028f6f5e,Modeller,1
88e7af9e37be4c978909d2ac0d4c34b4,Reader,1
8911396d1ef8410cacd8cf73038fb69a,Reader,1
89cdbab5c05a47699105ead3026068ab,Reader,1
89eed44edf9840fab8df816e158c5c2e,Modeller,1
8a168277a89f4ed18ab2d067e3a40ee8,Approver,1
8a3ac32441244eb38747adfe3b1cfd2a,Reader,1
8a53d2b0f85546e3a2f479aafaeb9588,Modeller,1
8aaba1d2b1ad4c26b47ecf83ddf68ec3,Reader,1
8af8250f13bb445d93308c23d2024dee,Reader,1
8bab760c29cc4303838ad4f78383f169,Reader,1
8caff64d591541f8baf80bb172b0b37b,Reader,1
8cc2748aba33452c969e714bbbb54a06,Reader,1
8d66240438a2458e9946f7255878c5dd,Reader,1
8dabae30414a44e7b3d7ef74569a2950,Reader,1
8df40fdf29104661a310f6243aad3810,Reader,1
8f5ded41a0fd406da06ea6f20d066b70,Approver,1
8f99e473abd24b0b8c8974a6c7279b3e,Reader,1
8fb55e1ef2324b14964925c6612d8884,Reader,1
8fb9c6fefa6745f5ab7edf5ca2e39dd9,Reader,1
8fd422bec97b4ac49b5cf443e82784c5,Reader,1
8fe70cdaff18421288df4fb7ddaad181,Reader,1
8ff9143cb72f4052ac6f1c2d691eb82a,Reader,1
9011e63e023f40b1812e8991fb20d09b,Modeller,1
90125320db224a2ea860fe9e4116f9b0,Reader,1
9055f2509bfe430eb837bde03035de95,Reader,1
90ac0632c43744458c74729c8b8e29b2,Reader,1
90bd7e6eb37043198c20e51386f75035,Reader,1
90fda3be92634ad8be109ce19112a3be,Reader,1
90fdcb021c1d4034b463fe4db569eb5f,Reader,1
91102c9748ba4720ae18584db2bbef47,Reader,1
91ade5f8ab7e49cf9de024ec3b3dc70f,Reader,1
9220d871b65f456ba4a10c141d2fb938,Reader,1
92647490c590473ab9bc9727603c5bbd,Modeller,1
92a7057f18794393a639894047880f37,Reader,1
92e4f5a5882645e8a8c8d9bd0267b00c,Approver,1
9318a1ad53b34f56b09d796c70b3783a,Reader,1
935e9f0391bd42aea148bfde84759ee3,Reader,1
93cc67a6b0a64d05bc099691013c5f27,Modeller,1
940e56feef8f4b45b9f06775ae709dac,Reader,1
94440104187d496cb22f1bdc033f7b9c,Reader,1
944833aacae645cab55e134bfebb49af,Reader,1
94777934649d400b9b416ba323017488,Reader,1
948a5531493c4e36a6c96b35ebecd790,Reader,1
948c319e72a141d3a042a484349828c3,Approver,1
955f841da2a64bb8b647435426404832,Reader,1
9594ec7f91564dc7804716b476e04a8e,Approver,1
95ee8180cadc4e6193f28f259857a7d7,Reader,1
961f9f268ee24a5a991632a097d7f947,Reader,1
966ee8b57514467986b2f1a4dba0e426,Reader,1
9698e0ccbbdd4d93994117e96b730638,Reader,1
96c160815ef3437a96f8ead4dc161a5d,Reader,1
96f60caddb674764b2d2d71b55215fff,Reader,1
9725fc21d93e4ec18a5dfc18caa0f300,Reader,1
972d9c9cb86246598739114925cd5bf5,Reader,1
9740dac4c5554a278ca8ba7c9dfee5cf,Reader,1
976f34d298ea4e9b9efa9b8046604ff6,Modeller,1
977429e2ef3b42ffa54605b19ff83297,Reader,1
978b481e7eea4ed198f89e4fded571c6,Modeller,1
97c52ed56fab4b1980d1600c4417491b,Reader,1
97c6d01994904fa583e1ca1220c09d31,Approver,1
97d2f7229a8b4b6288248cc089946a3c,Reader,1
97da16dc4aa445538069935fd8682721,Reader,1
97e4429e2c1643509453415f74733065,Reader,1
98910584fb9f4f3e857093e4e854f44e,Reader,1
9896a6aef77f4d90931d6d5a74806da7,Reader,1
98ba981c04c8488f9fe5be056e0bb650,Reader,1
992541c7935049ea8c085f09a42446e5,Reader,1
993bc3b0ba5b4ab8aca070b65951efce,Reader,1
99f91bcd7e264b15b7cbc93f0311dc8b,Modeller,1
9a32ab66b4b24981a79e4e6ed42359d6,Reader,1
9a75294bd8094816b37b1eda1eb10442,Modeller,1
9ab4eb808e654993a73efd8a19d4c71f,Reader,1
9aba75dc93654ea4b496127fb8a125b4,Approver,1
9ad0a5f48e314e3db9fb5108a8e72165,Reader,1
9ad27d1aa3d74cdab6a121a74678e8eb,Modeller,1
9b07e8722db743be99ab540613855a2c,Modeller,1
9b5d322f438a491a9a74695254bd4f85,Reader,1
9b93682f677344be80e7c1061cdd9218,Reader,1
9b9e1c2a6d0a4355b2d964282e72bdf7,Reader,1
9b9effbbddfc499c8bf052e03b4a18c3,Reader,1
9baac3ce47b243dab503227fd520f299,Reader,1
9c1f7023524c414385146670afa60364,Reader,1
9c7529446bed4f9495dd60c1be76c669,Reader,1
9d82abbe31e04b2aadde28160c5780c0,Approver,1
9d8498864d2f4892ba968525a70102b6,Modeller,1
9d8e9559b8f4487bb0e77041b922f2c3,Modeller,1
9dcbf361186f495fabe3bc52e2d6a4fe,Reader,1
9e030d2f865f4a52b4f983b298cae63e,Reader,1
9e5eba6ef31b4b8ebcf3376a457e38bb,Modeller,1
9e751933d20a43e9a478fbeefd524eec,Reader,1
9e9fb1d2e83f4aff9bdfb0b558d56040,Reader,1
9f17bc49ac4144ffb8e4c0ee71ce9875,Reader,1
9fb3a43e8b844d69955595de0ad0b175,Reader,1
9ffce3a819044179a3ddc58bed902356,Reader,1
a08e8bd2333342c0a1cc56517d06be21,Reader,1
a14fbe1505504d21871c44ed0015d3d9,Modeller,1
a196648e1e294124ab1e61ae834271d9,Approver,1
a1acc77c813a49a5a9b47e71202b72ec,Reader,1
a1c7d077ac7a4e92b70d751c6b6c9776,Reader,1
a2d74eca85c54ce092e65878d7eb155b,Reader,1
a3bb83d3ce5f40589eae5bb657814945,Reader,1
a3de1293394c4fd19b271eebea187faf,Reader,1
a40a3547179e49adbd23dcbf36f1c9ec,Reader,1
a40d0944890d4cf38c44f4d6c6175fa0,Reader,1
a41eb9e11af340a2a53f6eeaeb1f8350,Reader,1
a47bf3121b2e4c4cb90eb188431ad064,Approver,1
a49a6bf284ea4641aa4cb48c73621645,Reader,1
a4a31b7745c44b0f94a933973d0bb587,Reader,1
a4bd6592b593445ca0c9eb2e1c8f0fd8,Modeller,1
a526e632283a4d28926ad60f119f6db3,Reader,1
a5299c17c59f4ec0a2b59c3c43e75285,Reader,1
a578bccc8f21402a999daae65a72b108,Modeller,1
a57f22afc91a4cd98aedc6277836168c,Modeller,1
a59c981a0f9e441ca91e941cbaf563a5,Reader,1
a5b4bc697d1e49b4bdd623d9854eb7d5,Reader,1
a5c936cbfe634d96877f6542962c0928,Approver,1
a5e8f16fd9ed4a8c91c47c5872060b58,Reader,1
a5ed9e5cd4424d20b8b3dc9b9c26a92d,Approver,1
a61476ee7a234d4cb82617de6904f90a,Reader,1
a6a3131dc5234af692cd2e6f0eb7c343,Reader,1
a6beff4d4d884d8a9e7614156bed5f1e,Reader,1
a6ff464aeb3c4e28935210bd68c570fb,Reader,1
a736939b4e71421f8c30070314728230,Reader,1
a76e6db23b994a948fb94691c285d4c9,Reader,1
a77f281729434b439b8155cd99d2fa03,Reader,1
a7d84f5418aa4ae7ad765c6ce653ef81,Reader,1
a8ad4a305ba34c1aaf9866f6ad37eda6,Reader,1
a8ee35435fef4bacb979f13c7724a321,Reader,1
a914133a594b45a599a35e839a50f3ce,Reader,1
a93b01bffe864a12b716621085f753db,Reader,1
a94f2cc5f4ed430cbe7297dfe6a5d956,Modeller,1
a99aaf68553f47858355739d1af3617e,Reader,1
a9e16dc1454e40c4bf0c885a5b2405e3,Reader,1
aa267360bd91417d8a5635d52d4411e4,Reader,1
aa55b5b92a674625bae202945812bc22,Modeller,1
aa670278c630457696f13f8c0e755190,Reader,1
ab33187e7eca4c1d8883096eb9eaf722,Modeller,1
ab6bd1e058cc4a90a0ba48aa89109660,Approver,1
ab94e1e9971e495d9aa7a11adc607c4a,Reader,1
abdc00cfada6422ba2f7dcf72e7b22c0,Reader,1
ac1822bc35084f06a4907d1e912d6387,Reader,1
ac44ddaf9b704a2eb9b6ae7040af27bc,Modeller,1
ad4498be33974d58b2ed401c49645598,Reader,1
ad93ea759e0c44719b9d13702da9ec6c,Reader,1
adecbc934bbb481cb8192ae62c94b1b9,Reader,1
ae060f81d53547379108c8d2bfcaa178,Reader,1
ae176e27734f48719ba8a53bf64b7d34,Reader,1
ae212f12acbe4fad800789105bad49aa,Reader,1
ae5b74e34c04497698c9aee7109e606c,Reader,1
aec07eac1bb74af796bc052e3e2a8882,Reader,1
af1549c0698e4b42bfd875f233ecb1ac,Reader,1
af47c09354604b36bb26388cc0569c64,Reader,1
b00d27da37e248a189f4f92948745c4e,Reader,1
b0488bfae1ac428f9aff7c8d46a35691,Reader,1
b10f8c5a210644a59e8e050e55dae715,Reader,1
b150d3febabc48c9a0812412fbfc8937,Approver,1
b177dcf9526c4b6e9cdf4656349cdbbd,Reader,1
b18b2fee79c349fcb978da82a4e70b8d,Reader,1
b196914d78eb4339b3a5d084b5a14a5d,Reader,1
b1a447cecf2c41e985e105aced15acae,Modeller,1
b1a607bc0d4e47b5a307d5823a8c3c5e,Reader,1
b1a95d373507411186176383129db451,Reader,1
b1b93f17189c4fae9357d033fefd8479,Reader,1
b1d80928958141baa61b3979270f13a5,Reader,1
b1e4a7b36fc348728a25064e408e8cc5,Reader,1
b2232a843f76458597cc812a6a9ef486,Reader,1
b22c5713b7a2458b9968affd43d06009,Reader,1
b23f4ad4dd11464f886bd0a1881b3552,Reader,1
b2ab2082651b43c58a2dbee2f998767a,Reader,1
b2ee2c1d73e84ab9bbd866a040e883f1,Reader,1
b2fd31a9d6034c8b97a438901f89d79e,Approver,1
b305b87362a24132a5d08862d7a30863,Reader,1
b350e1c1f3b0465fbf8412d3331cee27,Reader,1
b37eeb088da346138053b1b572043882,Reader,1
b3dbcbd2f8e24a61b442ab51827434ca,Reader,1
b3e8a77871fd49dfb6403c6d25ca84ab,Reader,1
b41b9656390e4fe98ea7aa67d5b8daec,Modeller,1
b43f988db01e44ce9cb6114b02017996,Approver,1
b44a7747d96f4d15929612a9bcd7b3c6,Reader,1
b47d4002abfa4e0b995a092bce629a11,Reader,1
b486a868002140e08c424e2dfd5a03e9,Reader,1
b4f95c217bd94622ac52ffffdffb60dc,Reader,1
b539d46783c547dc973f757408bf623f,Reader,1
b53f167b8cd34fd5942079aa62491472,Modeller,1
b53f77b4280f4986bba06cdab86a31ed,Reader,1
b55d039322fd416cb74c535614b2695b,Reader,1
b59e9959235a4c47a09dcdc965d4f14d,Reader,1
b5bc611b4b894d2e8b55b30596fd1012,Reader,1
b6578be2dc6640edbe8b15f9aae0ef13,Reader,1
b6c9e85a525947c5adadb0ae4272f207,Reader,1
b738116ef38f4d1994e09dcf4b7b9a29,Reader,1
b74f258578904d879038c3c2c8fb323c,Reader,1
b756024ce5114216ada112b38dec2d34,Reader,1
b75b99e93e3647f98874387240c2cbf8,Reader,1
b789647440634658b4ea0e9681f5690f,Reader,1
b7d3b90a5143492492ccb297220c0b86,Reader,1
b7e2f57f3b7a47faaf760cec03ef18ca,Reader,1
b7e3e41e41ec444887e24c5944ca1224,Reader,1
b7ff0e13492c4313be94c4a3b27f9154,Reader,1
b83ce7e2d3404c81854b74a4e29996e6,Reader,1
b87109054f59412c9573211c288ded3a,Reader,1
b889a7201f7544498d66d3974ed5ce2c,Reader,1
b89ebd69e524493091148ec72bb5f6d1,Modeller,1
b8c56e4d7d5741d080e4ab9946b23ba2,Reader,1
b8ccdbb9695a4738bfc02824e0f80b86,Reader,1
b8f8846f5c044b3388f5b5624a775700,Reader,1
b9197480958d4a94a4abb1754814409e,Modeller,1
b9355d6c0d01414baa6aa9ed877be43d,Reader,1
b9569dc5fdd84fc7bd65b66cf1ee25d0,Approver,1
b9a3f30de7c94dba8ab9a4aa95cbe20f,Modeller,1
b9b328497f9b42d8ba7d443840be9b4f,Reader,1
b9d7fb8bd29647779bc3f527e3bc3cce,Reader,1
b9dd854bc2214a97bde10cc1f7f54178,Approver,1
b9ec1d43a79f4d40ac7dcfde6b9a38e0,Reader,1
ba1cd2b2d6dd4d2795dd9e828991cfac,Reader,1
ba76a285b0c84b8ebecbe79bdaa3db5d,Reader,1
baa4ff45416c42cfba7d5882db9a001d,Reader,1
bab536b5eea24b589f245c4489421de4,Reader,1
bac2a5d45dcb456cbd2d685fbd9b0421,Reader,1
bb15ca8a2e274cf0abf9d9b687666874,Reader,1
bb271329151a4835b7cbf310ab436dc6,Reader,1
bb3dbbfd4b5242e8a0315ebbf4c61f0d,Reader,1
bb4bb7780a534228bc728aea4eb77fc0,Reader,1
bb5269120f4f43f7a77d44560007e65e,Reader,1
bb7fe5c624a54b0bbc6fdecf7a4add14,Reader,1
bb84b03dbe824b65a6cff55cfa2c72a2,Approver,1
bc71b72ac2cc4fffa0cea89b493a1d4a,Reader,1
bce35c7d60d942ed810a9330d6f7addf,Reader,1
bcf4ef218d2c4b548505a700b270237e,Reader,1
bd05350e3c614d518816b4d6bab160c3,Reader,1
bd7965e4ad4045b08775bd51bf88e48f,Reader,1
bd81212f2f124422b60aecd8a3b5a4c7,Approver,1
bda93691c3de44e1a50722dbd9d06a07,Reader,1
bdbf875c03a1410eb99ad244f33e41de,Reader,1
bdc37788cea9413398cfb56bd7e69092,Reader,1
bdca8bab2a954f1caa6c0fbed628937c,Modeller,1
bde3f7a608ec4c1e9b93765e8ac50ade,Reader,1
be0006f8703c42bb8542f9be2c9784ce,Reader,1
be2bd53ffe46441cb5c579edb5da534e,Modeller,1
be4c0bad162a44c789dbdb7b8f83970b,Reader,1
be7e4833cd634467beeff1d199309b5a,Reader,1
be8aaefb69c14cbca4ab86ae14717101,Reader,1
be8b3ec960824c3b8dfba08ec852ea60,Reader,1
bea6591523184359b10e1425213f54b8,Reader,1
bf01599b813c4249bc77d5315e1a7ffd,Approver,1
bf47bfd73a3e4d3c95cd08a6331c0940,Reader,1
bf629a8e201b43158ac0a6a32eda498c,Reader,1
bf84f2501a3840eb958ab857ffd51d7f,Modeller,1
bfb5165820604ca99cf1cff2ee57dfb2,Reader,1
bfff8095f0984cdaac879f10271f9ba5,Reader,1
c0243d8bd0944a05b8c104ae328ae6ec,Approver,1
c039eab92c2e4b7390434ea49aca3575,Modeller,1
c05ac70cf69142378276ca8148ec3fe8,Reader,1
c094abcd50d54f8fbab496c5fbd7a71a,Reader,1
c0f32023c75849428d8e95a376108ff3,Reader,1
c123e542c6d44c5eb9c422cb6148358a,Reader,1
c12f5308bfcf4b1b9159318a80a8db03,Reader,1
c151eeb770194c169e2fb45c56a1b041,Reader,1
c1b1cc61552744e78e7b3ee53faff569,Modeller,1
c240815bf0d0460ea24dab483abd3416,Reader,1
c2535b319c7e4c70babdc97a9eccd476,Reader,1
c27713151f8e41a4a57e51652a3a85a4,Reader,1
c289d14b9fde4d6f86cd3893f1c088f8,Approver,1
c29688ce13b3479b986f7beca43b1330,Reader,1
c31cc9ac516d4400b6804d0d55a65c93,Reader,1
c31dd71379c848a1a3af09f9c41a85fb,Reader,1
c33b3b9658264d358344f578434e4121,Reader,1
c340f1b39be848e8a87a8cd5074dac98,Reader,1
c358027f8d024d7e9239a24604eaa82f,Reader,1
c3773ef3f799433c9fa611d1fc69f2f5,Reader,1
c3919f662ae94534ada34e0c28f68859,Approver,1
c3a8553bfdb44726a2c787ead3dca52d,Modeller,1
c3c2bc10f2fc4fa68b292e9ec62e0114,Reader,1
c3c388e3bb594d88947b3ba9cb22c9f4,Reader,1
c45bd85305654902ac94b31ae141f3e4,Reader,1
c4d3f9e3cef54bd2be646b790ecc3476,Reader,1
c54b8ea449f846f380ef80a1ce19770e,Reader,1
c55b4a4bff824ccd8231da9784744f5c,Modeller,1
c571561d0ad34be2bb8100f431467fa7,Reader,1
c66f5cf1db3e483088cf7f412748884c,Modeller,1
c671aae4fc8143dc9b0400f8d2cba6d1,Reader,1
c6819ca9e4314f768b15f76e36b5b2fa,Modeller,1
c6ce3d3fba9941c38e388c108543839f,Reader,1
c7108d85971f44b0aabe9848733916d0,Reader,1
c734695813c843eca7389b60f2d71008,Approver,1
c78b45cf16e64ecb9df959bfb980fcdb,Reader,1
c78cbebf253645acb3e2c08be360debe,Reader,1
c85243353aa945bcbc38958f05278bad,Reader,1
c8bd24332ec54508b3f547ca360a7b30,Reader,1
c93526f8796c48aa910a81ccc7656ad9,Reader,1
c940e8762f4d47daa7aa2f30977f1344,Modeller,1
c996d0d4fd8c478a8ba8871419c1942b,Reader,1
c9cde22f8f5247f892a19a4143670808,Reader,1
c9f80db70147406ba1f58b9b5fa2825d,Modeller,1
ca1a82556ed748b393f560b1a4c9a5f3,Reader,1
ca4112c4ac744da0a1df96a57d241bb2,Reader,1
ca728a54d7ad41099f0c617e21da3474,Modeller,1
ca746ecdce524869b63bd80b151cd5c2,Reader,1
ca7f3b22639a4a3aa181bffbe72c5d8c,Reader,1
caa671fef3804238b71ed3b9676da600,Reader,1
cabe341ea1e24622959719188330aae2,Reader,1
cac418ece2b14f7aa7bf05277ed2ae63,Reader,1
cae4d088c79f41528a6312bc7e0f6701,Reader,1
cb48d50c671842bfbfdfede3c0057e56,Reader,1
cb71b9adce044ac99cde893c171f044b,Reader,1
cb7798bdfc5d4fdaaa85bedf1d5e2b50,Approver,1
cbf32c482a344692b1a57b39c7430449,Reader,1
cbfafbdd2f9b416e97bd5ae029214a63,Reader,1
cc5387f99759431082598ff424058f13,Reader,1
cc65d0a9f9714ffeadf77ff9e91120cd,Reader,1
cc6aef5ad3d246c8be051050198f58ef,Modeller,1
cc774da33d884c08bb4f3dd6fc28d059,Reader,1
ccb53059364c4a789ae5806a4d39a2c9,Modeller,1
ccd6da701e2b4224a4aa782fcde48201,Reader,1
cce56c8e78a943eb92238d0c012256a8,Reader,1
cce8d74270ad490f83c8b9261a28be52,Modeller,1
cd80cc1b200b412eafc6d8f32ef24880,Reader,1
cd9beda5244f45d3af3487c2340dc76e,Modeller,1
cdb63af9b7c34cc4b6ee99bfd282ca97,Reader,1
cddf4a7765d849679a4ce7ca55ef70cd,Approver,1
ce7f8224396d4549b15a4750bd34fc6b,Reader,1
cec3c2b8c8d74c39851343b37d6853d3,Reader,1
cf11713edf2d4b1d964ee2fa7d665776,Reader,1
cf228d5516614138a0f68f7fe6adba7e,Reader,1
cf47c77436cd4b17bc584487d12477b0,Reader,1
cf5aea16344a47eb885b815c1f2c7bf4,Modeller,1
cf791e9f590b4e0db715a68d35115b9c,Reader,1
cfb65d63d74f4e948b9778ece8c4db9d,Reader,1
cfe56a2c10d3498a913c7a028444498a,Reader,1
d010dbdaf13d471dbb768610c648ffe2,Modeller,1
d06496c6b407437287287042b50d6e00,Approver,1
d067d4154a004f2980e991882e06ed27,Reader,1
d08779c8a99d4ede8df4b9f5579cbf9e,Reader,1
d0ac6d1f4c72436d992d72b8c5b3caac,Modeller,1
d0c537f112ac4b8abd6a81ac996da0f7,Reader,1
d0dfafcc2bf548538f50b5f59e3bb4d4,Reader,1
d0f05f63810b4d65b18f3c04b65f6ced,Reader,1
d0fc1e0110b34bd7b872986b5962abfe,Reader,1
d1549d673488438da794c5cf371e9430,Reader,1
d15abe588ac240208a4956b4ed5949ff,Reader,1
d16ce953a25f4f26ab4731f43948c329,Modeller,1
d189014d264d421cbdffaa3c4066a1fc,Reader,1
d1897dc028ea42cebaa22d02c97b74e6,Reader,1
d19695dd1ef94118a557a660cc8b4211,Reader,1
d196e10670ac4757a6ed10e70da9a2e7,Reader,1
d1c44c1a5b2545c08244ff9c9afacc5d,Reader,1
d1d4cbc5f6724372927f5bcc4d698671,Reader,1
d227a99247dc49d5a682b28fc1f59dfa,Reader,1
d2577a10d758461184034c938bb3ecbc,Approver,1
d2833056ccab48798878fe14d4039eb8,Reader,1
d2cde9fec59b46568b4da9f8e4eb4554,Reader,1
d2e8b843c7cf4a548d5b31ea55997b95,Reader,1
d2f73833292441bdbcd4be1d40735251,Reader,1
d2f8fc15c32e4dfeb6472dd75cf8968f,Reader,1
d2fc3151a02a42f99b061d083795746e,Reader,1
d303188cf4824504acb4dabfa00a163e,Reader,1
d3267b4552954a548bb2b9ef604d0b64,Reader,1
d34635f824a84d80aac1cbca7f7c7dd7,Approver,1
d36be39bfc9743fc8429c616bb832ced,Reader,1
d3ff358e36ee4dec8a68f089de5bd5f0,Reader,1
d478e9c17c51422e95ff66dd21dac915,Reader,1
d49104c7d8334fa9b7bebc07a1d09ae0,Reader,1
d4fb922631c0431f85ef720854de70a0,Modeller,1
d54e969cf745413293618207562541c6,Reader,1
d577a01186e444b0877e47276097929c,Approver,1
d6350515cdd34a26b7f8443df752ed96,Reader,1
d63a3c652ac149daa7716ce87ee26448,Reader,1
d66aaaa5636e49b3868dd8c6c46dd33c,Reader,1
d6971de0d40840208f780a6107322e6a,Modeller,1
d728caf80f934eceabe606baa87af468,Reader,1
d740f11e997f416caccc559760a789ea,Reader,1
d78baf7f24a2419689ee3b12e5fe8307,Approver,1
d79b93b446924582a38262c7040038a9,Approver,1
d7a6d71fb67e4ffb92429ab1f10c1bd8,Reader,1
d80251ec12c9453aa3e5427e00f3798f,Reader,1
d81ea4cdbdf247669a9f50bf75ad797a,Reader,1
d848015d92524320b479aa5dcc5fb648,Reader,1
d87834e93375439783106c39ecc8f296,Reader,1
d905c9f34f684ad2be051f35069677fc,Reader,1
d92744bd3cbb4519968ad5156ddd1d8b,Approver,1
da1600d57f3349d5957af88c7a73c458,Reader,1
da448e7503ad4f51b9cb7f5481112f98,Reader,1
da49611221b943d094d90a3d558dba06,Modeller,1
da68b6fe694d430094955e8c0b275988,Reader,1
daa6de07481f4564ba6d086a3024bb5b,Reader,1
dac0695de1af47d78dd0a37875f89e32,Reader,1
db07192feebd40e68c1616e1b4361b25,Reader,1
db07d7f7490044b78abb99607f34295b,Modeller,1
db449c7b67404a57b178889a0126dc8d,Reader,1
db6e07fb456144238d8375f97ed9646f,Reader,1
dba6a79018fd4916bbea8bfd97fd5d33,Modeller,1
dbac6f27e9ae4b54897e1ce83e7a44fc,Reader,1
dbd91afc998c471a83fe4965e9d57d21,Reader,1
dc098ba1697b4f769ac43511c6764a93,Reader,1
dc55e1ac795b482f886f61f8c3bd969d,Reader,1
dc603fa50b2048ff949ffbb1d768a3c6,Modeller,1
dc6f4f8fe029493584f0cd84a9a1d1b7,Reader,1
dcaef327c9204948bf19c9ef7da34f1f,Reader,1
ddc82b5143384caf8e66cb894caa0c7b,Reader,1
de976abdbdc74f439b55018d840f7023,Reader,1
ded9458c4ce5474d91892c3fb46e395a,Modeller,1
deecd35d9ec84f14bb7ed784cd85072d,Reader,1
df44a941cb34491395362bc3f1b786e0,Reader,1
df4ea30e5a1e44e8b3273e0f3951112b,Modeller,1
df914a967bfb46928bc70e3bc7a44598,Reader,1
dfbf8d05d3574d7e9d46a73d4cb96a6b,Modeller,1
dfc0a9b8ebbd41c2a0a81359c5af27b8,Reader,1
dfec9728dc0245e48207037e2cb13e64,Reader,1
e04085ff69f54545882d59fbf291ea6f,Approver,1
e053f12a71204f83a00547fcdc1bdba8,Reader,1
e0a4bcbbc5e64949b8bbe3e4caf130d3,Reader,1
e0c2816a7904449a839e593d40811108,Reader,1
e0c52412a688438ebaf71cb404c9c3f2,Reader,1
e135e92a3b684eb4b9b30180357ba833,Modeller,1
e13ab52cc0324cbca75271e0c6412324,Approver,1
e17accb7600f4d48ad3eaeb5477fe572,Reader,1
e1d4327e661746fc9eadb347052cbdb9,Modeller,1
e215b389698a4cf4821d3b36e2183433,Modeller,1
e222f9debbbf4a279a691f771b08b174,Reader,1
e2303b1fa41741389252e1e8e919eb87,Reader,1
e231fe84fb4446b2acfff767a23c39fa,Reader,1
e238f70d19194d00afa69cd558cac0bf,Modeller,1
e23c1cf8cff749548178ec91e1bdb9ef,Reader,1
e28135b79f2243ba9c165feca3278c24,Reader,1
e287502ce0354b7297e61b1762521264,Reader,1
e2b21d1db2584e8cbdfcde2114d331db,Modeller,1
e2b773140cb44c849ff26f3095b31edf,Reader,1
e2ee20ad3d084681a662f24e0bdeb4be,Reader,1
e323a80c23924393b1b91fdd1a593dc7,Reader,1
e36b14dafa15476790244de994438c01,Reader,1
e3703a7b493a496aa47c05a72ac8fa76,Reader,1
e399aa7038074079b682de93b06f7853,Reader,1
e3b18139b3d243e8858433a926089cd4,Reader,1
e3c863951dcb4d1fade49e4451deb9ce,Reader,1
e438c404d1584d9a8ca23379ec71b771,Approver,1
e466a902b1d74315aa16ad572a373339,Reader,1
e4b58c5ebc10450b8f2de9fdd104add0,Reader,1
e55cd3ce08854718bcb1bfa18618a698,Reader,1
e575f151bc8146ef9a2dc07364d0f361,Approver,1
e596f8a554994df59af71b8ecaf40c4c,Reader,1
e5d24dcf8fef42d5b5ae8bf926dc3eac,Reader,1
e5e85aef1be64ddfabdd945cadda052a,Reader,1
e5eee59b690c4fa08cbc4ebed731888e,Reader,1
e606b1904e2046d4a5b54e73ea1f43b9,Reader,1
e6457dc1c8a64edcb705a3c48d503aa0,Modeller,1
e65888e6bc76489b97a835e73912da0e,Reader,1
e6e8d81348ad4e2aa305bbc8e7e29f73,Modeller,1
e6f89ed51f034251b277574d0b7bf36c,Reader,1
e6fff1205d4e40abbd902fb683fbfee9,Reader,1
e70c237ca31b47f69edabb249df977e3,Reader,1
e7ae8258350441f78a01291329ce2798,Reader,1
e80f1a42242843dfa2a02e114dc6d19f,Reader,1
e83cd2d7aacb4b46a0a74e434f29347b,Reader,1
e84b2d755fad4e31b72b0a70934b409c,Reader,1
e8578251d9ea4b4ab59c3503453019a6,Reader,1
e85d1269a5a147d6a163136346119d70,Reader,1
e8c0efafca884226b8e62b5a9672a5b7,Reader,1
e8e1a0c6c7a54e048cfbb1b11d1f6577,Approver,1
e919246796d642b0af1891e9c3eb28f2,Reader,1
e920b0fe06a142babb58b53a2a9a5233,Reader,1
e97b87e0622241469c298cdcb4d6b105,Reader,1
e982d6b43d944a688b72de26992dd2ce,Reader,1
e9bd1d842c55497d9d275e4a9d6562c5,Approver,1
e9cb11abc5254e58ae01673d3d41f302,Reader,1
ea0dd13180d248178c4524abe7952f5f,Reader,1
ea1b598475b4419aa29a4249847d77ec,Reader,1
ea35e164a5514e73baa37f41db8cdc4a,Reader,1
ea8c2bad62fc4ef1b6831e0ff619cbe1,Modeller,1
eab3db16d48741ee9efbf8584ab9d599,Reader,1
eae7e7c08a194cde8fe424da9c08fc52,Reader,1
eb44195d36d341c0b29545cd00e6c9b5,Reader,1
eb83146d64da4392bd540d7795bd146e,Reader,1
ebf373bd3e574adc84486b163de4248a,Reader,1
ec3587982e104f8480176e86b5a328b0,Modeller,1
ec3dd4f722f04ef0b614f9d6152fdcad,Modeller,1
ec592febe71e46b3a970e28d82cbc0c9,Reader,1
ec6c062bfd0547338c763a63b4586d6d,Modeller,1
ecfdbb482d62435297823bbdc34a5c89,Reader,1
ecff27a883ea40df8c9433112f45e4f7,Reader,1
ed15cf79e0234fb9832e7dbe6cce86b3,Approver,1
ed39a3c96d0c409e9a495813dd6cb6d7,Reader,1
ed4edb7220d94d24842be29bddbaa7ea,Reader,1
ed7926de02204e598dd3a3f490566df0,Reader,1
ed82e953aab3452ba043f3d7048a775f,Reader,1
ed85d302b53c45509e560de8832a7093,Modeller,1
edd64f5838ac437bb8c41698d980b043,Reader,1
ee066b6618634b099e5b8859c62719b0,Reader,1
ee4808d3982145e1b2186ec0e589ff34,Modeller,1
ee7b543015f34c31909d9936a4c7600d,Reader,1
eea49691382b4eedb9fa3d088bd46cf6,Reader,1
eea4fdde9dbf4d77adaa12a828fa3790,Reader,1
eed73253972848e394982dead35331e3,Reader,1
eeea7b91ccb148b79c36ea5c5acd0be1,Reader,1
ef1e8ea43e2b4eb8a6d9424c81600d47,Reader,1
efa1f4121bcd4bc7a457ca6335afb631,Reader,1
efddb58424504c4c97ef4c2128aea5e9,Reader,1
eff692ea229345009a5433f3a71a8d67,Approver,1
efff807ef1c34588b72b08100afba40d,Reader,1
f00a2bf20fc042f78c71cef0999098e2,Modeller,1
f012f32df74341ab96d3eea08452a09c,Approver,1
f0138bbcc19c44e88c7850d694f7c8e9,Reader,1
f016a508f22c4f07a4a906478d30b133,Approver,1
f11a783cbda649ddbcf194caf7a1b690,Reader,1
f130e8be4fd4493090ae91543ae0b3a9,Approver,1
f16bb07682bd4e898685bcdd4dcd3e5c,Reader,1
f178a6f4911b4891bf7333e7de198499,Reader,1
f19bd609f6ad4b37854cd7bc26d730ef,Reader,1
f19d03d9715649f0b2927d5978f46ed4,Reader,1
f1c562d7981545aaa83b0fcf0a53d2e9,Reader,1
f1efdebc650e4505a8d9eefcf002db8f,Reader,1
f1f5452aa49c4c3e848529df1e9ef8b1,Reader,1
f23d86ce5a344394aff635258efc67ae,Approver,1
f26dc77456e94ac1bfa490a15d7df84d,Reader,1
f296fcd1b91e4d79aeb09c38f64b110b,Reader,1
f2f7e8acbe8547629f9855ce7cbeda37,Reader,1
f322b9da321f4adc87b79788e33bd0c5,Reader,1
f37899819ca64ab69c839cf1ee2e587a,Reader,1
f38834fd162a4a46a2eeec3e9d430c2f,Reader,1
f3980ddffcd64c00aeffe14b43a8f2a0,Reader,1
f3c42d13ee8448c6b46607f8a27ce172,Reader,1
f3c781b6a37b41139877ff45b64a0378,Reader,1
f3e7af789a9144e087cc4c1d274f8af9,Reader,1
f3feb1c4932f498b976e386d01eb8559,Reader,1
f416bffc408341ae9f1cf332cdd6d5c7,Reader,1
f44df9369a3742eca81653a335c8779e,Approver,1
f46ee262885e403ab8a3794aacebdf20,Modeller,1
f474810ccccb48b592ce0f038db65983,Reader,1
f47800e40345430e9b4543bc7c3a51bb,Reader,1
f486288bd78541a8bffa238a3535417d,Reader,1
f49346015cd14b43be8778abe176fc08,Reader,1
f4c80a7bbddf4e96ab9c3260999435c5,Approver,1
f4de851355974c5ea5cda043a7e9a8cb,Approver,1
f4efa20e85ca44629d29d0a74ec15cf9,Reader,1
f52bcd3e0329453aa963b4cab08a55df,Reader,1
f5680576269d4b4e834bf35e726e2067,Approver,1
f57c2f84792d428ab17317afad4a9346,Modeller,1
f596d7d260d94f7f949f4dc3ca967e67,Reader,1
f5b273dc32ea4cddbcafe2114b3242d1,Reader,1
f5c10946db764fd4aa82623ebd9be7fb,Approver,1
f5c541ff2b73455cae46a4a51ec3708d,Reader,1
f66dbf1276614bc8bb43e746cabe8ea4,Reader,1
f6aa55baf919426c82e664a9db3273dd,Modeller,1
f6c6d3d18dd44a678baa555d1a3b7640,Reader,1
f6f1b714ef3a4b498e8066ada845b834,Reader,1
f710e05db16b466aabb365eec2c59db2,Reader,1
f7192a5be3da41df9304969bcc797a10,Approver,1
f726d54d0bb34154b1af5deac5d5c9db,Modeller,1
f732790ae4bc48cd92ca7fe23161a696,Modeller,1
f79a7eb35f274c10aeb9b8f16b2da704,Reader,1
f7b7686f0b03451fbeae41e1a80b85b4,Modeller,1
f7d1a881cc6d43078520cdccad0a91c5,Reader,1
f7d9fc72aa464c4fbd451ca63e13721f,Reader,1
f86da141ef1f406980a8213c31340f02,Modeller,1
f8c3f6da08e640f2bc9c1e2f9aee0320,Reader,1
f94f1fd9ecf2432b84ef9b7e613f7408,Reader,1
f98d609fbb0f476382dad66c0b6908ec,Reader,1
f994d0c68dc145e68667684f37865a64,Reader,1
fa017ac7097144b495bd63de4f5c691d,Reader,1
fa1cf663c2e646d29839f20a3e10d3cf,Reader,1
fa218e6b7d5b46cb9bdc49becce384bb,Reader,1
fa8447ae7079407abea8069c2cc990d9,Reader,1
fa91f2238fe2430abe5b15225e486844,Reader,1
faf90e1431aa4570af19d4293ec0f195,Modeller,1
faffd3f0a1d44601b06b4c29a77ea176,Reader,1
fb5a5c2d6a95446db3ac06dd2525ca55,Reader,1
fb8d96d56b3a471f95a5468e54041353,Reader,1
fbbfcd89338c4ecd848bc3bbc8414306,Reader,1
fc20b2b3405347e79342b8b3ecfaf0c7,Reader,1
fc3d4ec5cdaa4e4989cb4bf5cb21312a,Reader,1
fc67040a4b664aa19aed3ef3440eacdc,Reader,1
fcb2ede3dedf4edd89e7a71bd6e1ddf7,Reader,1
fcbc851a2d25466397cb71498b213dcf,Reader,1
fcde150be8874cb5886a4ebb6f13eb03,Approver,1
fd45735073124da9a5c7db10d05ed7eb,Reader,1
fd78834281264514a599cad5ab87c429,Reader,1
fd93288904b643bda97812bb1f19f511,Reader,1
fd9d225a48844910865f76086f7df9c3,Approver,1
fdd966fa894043d98e1ceec472a053c3,Reader,1
fdfd9abc08a84d30894f2ed1a13ce498,Reader,1
fe0bff071d3944048cb4635465a34ef0,Reader,1
fec3553da6ef4729b030b5ef6b72704e,Reader,1
ff210e0b08ce4f6c8fffe1247239ebb4,Reader,1
ff2edb0747df4130ae8093b89c3a7c6d,Reader,1
ff5412a86987490b9c76f09ffca699a2,Reader,1
ffd1e4decc0d411aae12cd3b6bc9181c,Reader,1
